{"cameraMode":{"drawMode":0,"name":"Shaded","section":"Shading Mode"},"sceneLighting":true,"audioPlay":false,"sceneViewState":{"showFog":true,"showMaterialUpdate":false,"showSkybox":true,"showFlares":true,"showImageEffects":true,"showParticleSystems":true,"showVisualEffectGraphs":true,"m_FxEnabled":true},"in2DMode":false,"pivot":{"x":0.19790029525756837,"y":1.406022548675537,"z":81.55705261230469},"rotation":{"x":-0.02573291026055813,"y":0.5537056922912598,"z":-0.017097169533371927,"w":-0.8321935534477234},"size":3.3191630840301515,"orthographic":false}