{"cameraMode":{"drawMode":0,"name":"Shaded","section":"Shading Mode"},"sceneLighting":true,"audioPlay":false,"sceneViewState":{"m_AlwaysRefresh":false,"showFog":true,"showSkybox":true,"showFlares":true,"showImageEffects":true,"showParticleSystems":true,"showVisualEffectGraphs":true,"m_FxEnabled":true},"in2DMode":false,"pivot":{"x":-1.8017009496688843,"y":7.13966178894043,"z":8.370406150817871},"rotation":{"x":0.011686376295983792,"y":0.9827471971511841,"z":-0.17213499546051026,"w":0.06672876328229904},"size":6.324746131896973,"orthographic":false}