{"cameraMode":{"drawMode":0,"name":"Shaded","section":"Shading Mode"},"sceneLighting":true,"audioPlay":false,"sceneViewState":{"m_AlwaysRefresh":false,"showFog":true,"showSkybox":true,"showFlares":true,"showImageEffects":true,"showParticleSystems":true,"showVisualEffectGraphs":true,"m_FxEnabled":true},"in2DMode":false,"pivot":{"x":45.608707427978519,"y":-14.473740577697754,"z":-14.376542091369629},"rotation":{"x":0.0857885554432869,"y":0.8524464964866638,"z":-0.14798906445503236,"w":0.49408721923828127},"size":35.35533905029297,"orthographic":false}