{"cameraMode":{"drawMode":0,"name":"Shaded","section":"Shading Mode"},"sceneLighting":true,"audioPlay":false,"sceneViewState":{"m_AlwaysRefresh":false,"showFog":true,"showSkybox":true,"showFlares":true,"showImageEffects":true,"showParticleSystems":true,"showVisualEffectGraphs":true,"m_FxEnabled":true},"in2DMode":false,"pivot":{"x":437.6426086425781,"y":250.56253051757813,"z":1.36083984375},"rotation":{"x":0.0014998666010797024,"y":0.014101068489253521,"z":-0.00002115754978149198,"w":0.9998998045921326},"size":292.27923583984377,"orthographic":false}