{"cameraMode":{"drawMode":0,"name":"Shaded","section":"Shading Mode"},"sceneLighting":true,"audioPlay":false,"sceneViewState":{"m_AlwaysRefresh":false,"showFog":true,"showSkybox":true,"showFlares":true,"showImageEffects":true,"showParticleSystems":true,"showVisualEffectGraphs":true,"m_FxEnabled":true},"in2DMode":false,"pivot":{"x":4.19537878036499,"y":5.332569122314453,"z":2.4916296005249025},"rotation":{"x":0.09432744234800339,"y":0.025982322171330453,"z":-0.002462588483467698,"w":0.9952009320259094},"size":7.071067810058594,"orthographic":true}