{"cameraMode":{"drawMode":0,"name":"Shaded","section":"Shading Mode"},"sceneLighting":false,"audioPlay":false,"sceneViewState":{"m_AlwaysRefresh":false,"showFog":true,"showSkybox":false,"showFlares":true,"showImageEffects":true,"showParticleSystems":true,"showVisualEffectGraphs":true,"m_FxEnabled":true},"in2DMode":false,"pivot":{"x":0.5465338230133057,"y":0.7171484231948853,"z":0.696388840675354},"rotation":{"x":0.09788113087415695,"y":-0.8123742341995239,"z":0.14279714226722718,"w":0.5568466782569885},"size":1.8949873447418213,"orthographic":false}