{"cameraMode":{"drawMode":0,"name":"Shaded","section":"Shading Mode"},"sceneLighting":false,"audioPlay":false,"sceneViewState":{"m_AlwaysRefresh":false,"showFog":true,"showSkybox":false,"showFlares":true,"showImageEffects":true,"showParticleSystems":true,"showVisualEffectGraphs":true,"m_FxEnabled":true},"in2DMode":false,"pivot":{"x":-0.3498654365539551,"y":5.891717433929443,"z":0.15236163139343263},"rotation":{"x":0.0014998666010797024,"y":0.014101068489253521,"z":-0.00002115754978149198,"w":0.9998998045921326},"size":6.121048450469971,"orthographic":false}