{"cameraMode":{"drawMode":0,"name":"Shaded","section":"Shading Mode"},"sceneLighting":true,"audioPlay":false,"sceneViewState":{"m_AlwaysRefresh":false,"showFog":true,"showSkybox":true,"showFlares":true,"showImageEffects":true,"showParticleSystems":true,"showVisualEffectGraphs":true,"m_FxEnabled":true},"in2DMode":false,"pivot":{"x":-12.055779457092286,"y":1.1792513132095338,"z":0.29005149006843569},"rotation":{"x":-0.15505744516849519,"y":0.49890604615211489,"z":-0.09124979376792908,"w":-0.8477837443351746},"size":1.438870906829834,"orthographic":false}